FICHA;MÊS;ANESTESISTA;ESPECIALIDADE;UNIDADE;TIPO DE PROCEDIMENTO;TÉCNICA;ASA;CARÁTER;SITUAÇÃO DA FICHA;EVENTOS REGISTRADOS;ÓBITO EM ATÉ 24 HORAS;ÓBITO EM ATÉ 48 HORAS;ÓBITO EM ATÉ 30 DIAS;PARADA CARDIORRESPIRATÓRIA NA SALA CIRÚRGICA;DESPERTAR INTRAOPERATÓRIO COM RECORDAÇÃO EXPLÍCITA;DISFUNÇÃO NEUROLÓGICA PERIOPERATÓRIA;INTUBAÇÃO OU VENTILAÇÃO DIFÍCIL;INTUBAÇÃO ESOFÁGICA;BRONCOASPIRAÇÃO PULMONAR PERIOPERATÓRIA;REINTUBAÇÃO NÃO PLANEJADA EM ATÉ 24 HORAS;HIPOXEMIA INTRAOPERATÓRIA;HIPOTENSÃO INTRAOPERATÓRIA;HIPERTENSÃO GRAVE NO INTRAOPERATÓRIO;ISQUEMIA OU INFARTO DO MIOCÁRDIO PERIOPERATÓRIO;VASOPRESSOR NÃO PLANEJADO;NÁUSEA PÓS-OPERATÓRIA;VÔMITO PÓS-OPERATÓRIO;DOR FORTE NA SRPA;HIPOTERMIA NA CHEGADA À SRPA;BLOQUEIO NEUROMUSCULAR RESIDUAL;LESÃO DE CÓRNEA;LESÃO RELACIONADA AO POSICIONAMENTO;CHECKLIST DE SEGURANÇA CIRÚRGICA COMPLETO;CAPNOGRAFIA CONTÍNUA QUANDO INDICADA;PROFILAXIA ANTIBIÓTICA NO TEMPO;MONITORIZAÇÃO DE PROFUNDIDADE QUANDO INDICADA;ADESÃO AO PROTOCOLO DE VIA AÉREA DIFÍCIL;CARRINHO DE VIA AÉREA DIFÍCIL CHECADO;AVALIAÇÃO PRÉ-ANESTÉSICA DOCUMENTADA E COMPLETA;MEDIDAS DE PREVENÇÃO DE HIPOTERMIA;JEJUM PRÉ-OPERATÓRIO ADEQUADO;MONITORIZAÇÃO NEUROMUSCULAR QUANDO HÁ BLOQUEADOR;RELAÇÃO TOF ADEQUADA ANTES DA SAÍDA;PROFILAXIA DE NÁUSEA E VÔMITO QUANDO INDICADA;PASSAGEM DE CUIDADO REGISTRADA;PESQUISA DE SATISFAÇÃO APLICADA
FQA0001;2026-09;Roberta Almeida;Cirurgia plástica;Centro cirúrgico;Mamoplastia;Geral balanceada;I;Eletivo;Em preenchimento;0;Não;Não;Sem informação;Não;Não;Não;Não;Não;Não;Não;Não;Não;Não;Não;Não;Não;Não;Não;Não;Não;Não;Não;Sim;Sim;Sim;Não;Fora da população elegível;Sim;Sim;Sim;Sim;Sim;Sim;Sim;Sim;Sim
FQA0002;2026-09;Priscilla De Carli;Cirurgia plástica;Centro cirúrgico;Abdominoplastia;Geral balanceada;II;Eletivo;Concluída;1;Não;Não;Sem informação;Não;Não;Não;Não;Não;Não;Não;Não;Sim;Não;Não;Sim;Não;Não;Não;Não;Não;Não;Não;Sim;Sim;Sim;Sim;Fora da população elegível;Sim;Sim;Não;Sim;Sim;Sim;Não;Sim;Sim
FQA0003;2026-09;Felipe Sampaio;Cirurgia plástica;Centro cirúrgico;Rinoplastia;Geral balanceada;II;Eletivo;Concluída;0;Não;Não;Sem informação;Não;Não;Não;Não;Não;Não;Não;Não;Não;Não;Não;Não;Sim;Sim;Não;Não;Não;Não;Não;Sim;Sim;Sim;Sim;Fora da população elegível;Sim;Sim;Sim;Sim;Sim;Sim;Sim;Sim;Não
FQA0004;2026-09;Maria Catarina;Otorrinolaringologia;Centro cirúrgico;Lipoaspiração;Sedação;III;Eletivo;Em preenchimento;0;Sem informação;Sem informação;Sem informação;Sem informação;Fora da população elegível;Sem informação;Fora da população elegível;Fora da população elegível;Sem informação;Fora da população elegível;Sem informação;Sem informação;Sem informação;Sem informação;Sem informação;Sem informação;Sem informação;Sem informação;Sem informação;Fora da população elegível;Sem informação;Sem informação;Sem informação;Fora da população elegível;Fora da população elegível;Fora da população elegível;Fora da população elegível;Sem informação;Sem informação;Sem informação;Sem informação;Fora da população elegível;Fora da população elegível;Fora da população elegível;Sem informação;Sem informação
FQA0005;2026-09;Heloísa Roncolato;Cirurgia plástica;Centro cirúrgico;Blefaroplastia;Geral balanceada;I;Eletivo;Concluída;0;Não;Não;Sem informação;Não;Não;Não;Não;Não;Não;Não;Sim;Não;Não;Não;Não;Não;Não;Não;Não;Não;Não;Não;Sim;Sim;Sim;Sim;Fora da população elegível;Sim;Sim;Sim;Sim;Não;Fora da população elegível;Sim;Sim;Sim
FQA0006;2026-09;Fabrício Tavares;Cirurgia plástica;Centro cirúrgico;Mastopexia;Geral balanceada;II;Eletivo;Concluída;2;Não;Não;Sem informação;Não;Não;Não;Sim;Não;Não;Não;Não;Sim;Não;Não;Não;Não;Não;Não;Sim;Sim;Não;Não;Sim;Sim;Sim;Sim;Fora da população elegível;Sim;Sim;Sim;Sim;Sim;Não;Sim;Sim;Não
FQA0007;2026-08;Roberta Almeida;Cirurgia plástica;Centro cirúrgico;Face completa;Geral balanceada;IV;Urgência;Concluída;0;Não;Não;Sem informação;Não;Não;Não;Não;Não;Não;Não;Não;Não;Não;Não;Não;Não;Não;Não;Não;Não;Não;Não;Sim;Sim;Não;Não;Fora da população elegível;Sim;Sim;Não;Sim;Sim;Sim;Sim;Sim;Sim
FQA0008;2026-08;Priscilla De Carli;Otorrinolaringologia;Centro cirúrgico;Mamoplastia;Geral balanceada;II;Eletivo;Concluída;0;Não;Não;Não;Não;Não;Não;Não;Não;Não;Não;Não;Não;Não;Não;Não;Sim;Não;Não;Não;Não;Não;Não;Não;Sim;Sim;Sim;Fora da população elegível;Sim;Não;Sim;Sim;Sim;Sim;Sim;Sim;Sim
FQA0009;2026-08;Felipe Sampaio;Cirurgia plástica;Centro cirúrgico;Otoplastia;Sedação;I;Eletivo;Concluída;0;Não;Não;Sem informação;Não;Fora da população elegível;Não;Fora da população elegível;Fora da população elegível;Não;Fora da população elegível;Não;Não;Não;Não;Não;Não;Não;Não;Não;Fora da população elegível;Não;Não;Sim;Fora da população elegível;Sim;Fora da população elegível;Fora da população elegível;Sim;Sim;Sim;Sim;Fora da população elegível;Fora da população elegível;Não;Sim;Não
FQA0010;2026-08;Maria Catarina;Cirurgia plástica;Centro cirúrgico;Gluteoplastia;Geral balanceada;I;Eletivo;Em preenchimento;0;Sem informação;Sem informação;Sem informação;Sem informação;Sem informação;Sem informação;Sem informação;Fora da população elegível;Sem informação;Fora da população elegível;Sem informação;Sem informação;Sem informação;Sem informação;Sem informação;Sem informação;Sem informação;Sem informação;Sem informação;Fora da população elegível;Sem informação;Sem informação;Sem informação;Fora da população elegível;Fora da população elegível;Fora da população elegível;Fora da população elegível;Sem informação;Sem informação;Sem informação;Sem informação;Fora da população elegível;Fora da população elegível;Fora da população elegível;Sem informação;Sem informação
FQA0011;2026-08;Heloísa Roncolato;Cirurgia plástica;Centro cirúrgico;Braquioplastia;Geral balanceada;II;Eletivo;Concluída;0;Não;Não;Não;Não;Não;Não;Não;Não;Não;Não;Não;Não;Não;Não;Não;Não;Não;Sim;Não;Não;Não;Não;Sim;Sim;Sim;Sim;Fora da população elegível;Sim;Sim;Sim;Sim;Não;Fora da população elegível;Sim;Sim;Sim
FQA0012;2026-08;Fabrício Tavares;Otorrinolaringologia;Centro cirúrgico;Rinoplastia;Geral balanceada;II;Eletivo;Concluída;0;Não;Não;Não;Não;Não;Não;Não;Não;Não;Não;Não;Não;Não;Não;Não;Não;Sim;Não;Sim;Não;Não;Não;Sim;Sim;Sim;Sim;Sim;Sim;Sim;Não;Sim;Sim;Sim;Sim;Sim;Não
FQA0013;2026-08;Roberta Almeida;Cirurgia plástica;Centro cirúrgico;Mamoplastia;Geral balanceada;III;Eletivo;Concluída;0;Não;Não;Não;Não;Não;Não;Não;Não;Não;Não;Não;Não;Não;Não;Não;Sim;Não;Não;Não;Não;Não;Não;Sim;Sim;Sim;Não;Fora da população elegível;Sim;Sim;Sim;Sim;Sim;Sim;Sim;Sim;Sim
FQA0014;2026-07;Priscilla De Carli;Cirurgia plástica;Centro cirúrgico;Abdominoplastia;Sedação;I;Eletivo;Concluída;0;Não;Não;Não;Não;Fora da população elegível;Não;Fora da população elegível;Fora da população elegível;Não;Fora da população elegível;Sim;Sim;Não;Não;Não;Não;Não;Não;Não;Fora da população elegível;Não;Não;Sim;Fora da população elegível;Sim;Fora da população elegível;Fora da população elegível;Sim;Sim;Sim;Sim;Fora da população elegível;Fora da população elegível;Sim;Sim;Sim
FQA0015;2026-07;Felipe Sampaio;Cirurgia plástica;Centro cirúrgico;Rinoplastia;Geral balanceada;II;Eletivo;Concluída;0;Não;Não;Sem informação;Não;Não;Não;Não;Não;Não;Não;Não;Não;Não;Não;Não;Não;Não;Não;Não;Não;Não;Não;Sim;Sim;Não;Sim;Fora da população elegível;Sim;Sim;Sim;Sim;Sim;Sim;Sim;Sim;Não
FQA0016;2026-07;Maria Catarina;Otorrinolaringologia;Centro cirúrgico;Lipoaspiração;Geral balanceada;IV;Eletivo;Em preenchimento;0;Sem informação;Sem informação;Sem informação;Sem informação;Sem informação;Sem informação;Sem informação;Fora da população elegível;Sem informação;Fora da população elegível;Sem informação;Sem informação;Sem informação;Sem informação;Sem informação;Sem informação;Sem informação;Sem informação;Sem informação;Fora da população elegível;Sem informação;Sem informação;Sem informação;Fora da população elegível;Fora da população elegível;Fora da população elegível;Fora da população elegível;Sem informação;Sem informação;Sem informação;Sem informação;Fora da população elegível;Fora da população elegível;Fora da população elegível;Sem informação;Sem informação
FQA0017;2026-07;Heloísa Roncolato;Cirurgia plástica;Centro cirúrgico;Blefaroplastia;Geral balanceada;II;Eletivo;Concluída;0;Não;Não;Não;Não;Não;Não;Não;Não;Não;Não;Não;Não;Não;Não;Não;Não;Não;Não;Não;Não;Não;Não;Sim;Sim;Sim;Sim;Fora da população elegível;Sim;Sim;Não;Sim;Não;Fora da população elegível;Sim;Sim;Sim
FQA0018;2026-07;Fabrício Tavares;Cirurgia plástica;Centro cirúrgico;Mastopexia;Geral balanceada;I;Urgência;Concluída;1;Não;Não;Não;Não;Não;Não;Não;Não;Não;Não;Não;Sim;Não;Não;Sim;Sim;Não;Sim;Sim;Não;Não;Não;Não;Sim;Sim;Sim;Fora da população elegível;Sim;Não;Sim;Sim;Sim;Sim;Sim;Sim;Não