INDICADOR;GRUPO;TIPO;EVENTOS;COM INFORMAÇÃO;ELEGÍVEIS;SEM INFORMAÇÃO;SEM ACOMPANHAMENTO;TAXA (%);COBERTURA (%);META (%);DEFINIÇÃO;FÓRMULA;POPULAÇÃO ELEGÍVEL;FONTE;VERSÃO DA FONTE;FONTE REVISADA EM
Óbito em até 24 horas;Mortalidade e morbidade grave;Desfecho;0;15;18;3;3;0;83,3;;Óbito do paciente em até 24 horas do término da anestesia, independentemente da causa. A relação com a anestesia é avaliação clínica registrada em separado, evento a evento.;óbitos em até 24 h ÷ atendimentos com acompanhamento de 24 h respondido × 100;Todos os atendimentos com ficha de qualidade.;;;
Óbito em até 48 horas;Mortalidade e morbidade grave;Desfecho;0;15;18;3;3;0;83,3;;Óbito do paciente em até 48 horas do término da anestesia.;óbitos em até 48 h ÷ atendimentos com acompanhamento de 48 h respondido × 100;Todos os atendimentos com ficha de qualidade.;;;
Óbito em até 30 dias;Mortalidade e morbidade grave;Desfecho;0;7;18;11;4;0;38,9;;Óbito do paciente em até 30 dias do procedimento.;óbitos em até 30 dias ÷ atendimentos com acompanhamento de 30 dias respondido × 100;Todos os atendimentos com ficha de qualidade.;;;
Parada cardiorrespiratória na sala cirúrgica;Mortalidade e morbidade grave;Desfecho;0;15;18;3;0;0;83,3;;Parada cardiorrespiratória ocorrida dentro da sala cirúrgica, com necessidade de manobras de reanimação.;paradas na sala ÷ atendimentos com a pergunta respondida × 100;Todos os atendimentos com ficha de qualidade.;;;
Despertar intraoperatório com recordação explícita;Mortalidade e morbidade grave;Desfecho;0;13;15;2;2;0;86,7;;Suspeita ou confirmação de despertar intraoperatório com recordação explícita, em anestesia geral.;casos suspeitos ou confirmados ÷ anestesias gerais com a pergunta respondida × 100;Anestesia geral.;;;
Disfunção neurológica perioperatória;Mortalidade e morbidade grave;Desfecho;0;15;18;3;3;0;83,3;;Delirium, disfunção cognitiva, AVC, neuropatia periférica ou outra disfunção neurológica no perioperatório.;casos ÷ atendimentos com a pergunta respondida × 100;Todos os atendimentos com ficha de qualidade.;;;
Intubação ou ventilação difícil;Mortalidade e morbidade grave;Desfecho;1;13;15;2;0;7,7;86,7;;Dificuldade de intubação ou de ventilação, prevista ou não, com ou sem complicação associada.;casos ÷ anestesias gerais com a pergunta respondida × 100;Anestesia geral.;;;
Intubação esofágica;Complicações respiratórias;Desfecho;0;13;13;0;0;0;100;;Intubação esofágica, com registro separado de reconhecimento imediato ou tardio.;casos ÷ atendimentos com intubação traqueal e a pergunta respondida × 100;Atendimentos com intubação traqueal.;;;
Broncoaspiração pulmonar perioperatória;Complicações respiratórias;Desfecho;0;15;18;3;0;0;83,3;;Broncoaspiração de conteúdo gástrico no perioperatório.;casos ÷ atendimentos com a pergunta respondida × 100;Todos os atendimentos com ficha de qualidade.;;;
Reintubação não planejada em até 24 horas;Complicações respiratórias;Desfecho;0;13;13;0;0;0;100;;Reintubação não planejada em até 24 horas do término da anestesia.;reintubações ÷ atendimentos com intubação e acompanhamento de 24 h respondido × 100;Atendimentos com intubação traqueal.;;;
Hipoxemia intraoperatória;Complicações respiratórias;Desfecho;2;15;18;3;0;13,3;83,3;;Menor SpO₂ registrada abaixo do limiar configurado, ou tempo acumulado abaixo dele maior que zero.;atendimentos com SpO₂ mínima abaixo do limiar ÷ atendimentos com SpO₂ mínima registrada × 100;Todos os atendimentos com ficha de qualidade.;;;
Hipotensão intraoperatória;Complicações cardiovasculares;Desfecho;4;15;18;3;0;26,7;83,3;;Menor PAM registrada abaixo do limiar configurado, ou tempo acumulado abaixo dele maior que zero.;atendimentos com PAM mínima abaixo do limiar ÷ atendimentos com PAM mínima registrada × 100;Todos os atendimentos com ficha de qualidade.;;;
Hipertensão grave no intraoperatório;Complicações cardiovasculares;Desfecho;0;15;18;3;0;0;83,3;;Episódio de hipertensão grave no intraoperatório, conforme o limiar configurado de PA sistólica.;casos ÷ atendimentos com a pergunta respondida × 100;Todos os atendimentos com ficha de qualidade.;;;
Isquemia ou infarto do miocárdio perioperatório;Complicações cardiovasculares;Desfecho;0;15;18;3;3;0;83,3;;Isquemia ou infarto do miocárdio no perioperatório, conforme critério diagnóstico registrado.;casos ÷ atendimentos com a pergunta respondida × 100;Todos os atendimentos com ficha de qualidade.;;;
Vasopressor não planejado;Complicações cardiovasculares;Desfecho;2;15;18;3;0;13,3;83,3;;Instabilidade hemodinâmica com necessidade de vasopressor não planejado.;casos ÷ atendimentos com a pergunta respondida × 100;Todos os atendimentos com ficha de qualidade.;;;
Náusea pós-operatória;Outros desfechos clínicos;Desfecho;4;15;18;3;0;26,7;83,3;;Náusea pós-operatória registrada na recuperação, separada do vômito.;atendimentos com náusea ÷ atendimentos com a pergunta respondida × 100;Todos os atendimentos com ficha de qualidade.;;;
Vômito pós-operatório;Outros desfechos clínicos;Desfecho;2;15;18;3;0;13,3;83,3;;Vômito pós-operatório registrado na recuperação, separado da náusea.;atendimentos com vômito ÷ atendimentos com a pergunta respondida × 100;Todos os atendimentos com ficha de qualidade.;;;
Dor forte na SRPA;Outros desfechos clínicos;Desfecho;2;15;18;3;0;13,3;83,3;;Pontuação de dor na SRPA acima do limiar configurado, na primeira avaliação registrada.;atendimentos com dor acima do limiar ÷ atendimentos com dor avaliada × 100;Todos os atendimentos com ficha de qualidade.;;;
Hipotermia na chegada à SRPA;Outros desfechos clínicos;Desfecho;3;15;18;3;0;20;83,3;;Temperatura na chegada à SRPA abaixo do limiar configurado.;atendimentos com temperatura abaixo do limiar ÷ atendimentos com temperatura medida × 100;Todos os atendimentos com ficha de qualidade.;;;
Bloqueio neuromuscular residual;Outros desfechos clínicos;Desfecho;1;13;13;0;0;7,7;100;;Suspeita ou confirmação de bloqueio neuromuscular residual na recuperação.;casos ÷ atendimentos com bloqueador neuromuscular e a pergunta respondida × 100;Atendimentos com uso de bloqueador neuromuscular.;;;
Lesão de córnea;Outros desfechos clínicos;Desfecho;0;15;18;3;0;0;83,3;;Lesão de córnea identificada no perioperatório.;casos ÷ atendimentos com a pergunta respondida × 100;Todos os atendimentos com ficha de qualidade.;;;
Lesão relacionada ao posicionamento;Outros desfechos clínicos;Desfecho;0;15;18;3;0;0;83,3;;Lesão atribuída ao posicionamento cirúrgico, com tipo e localização registrados.;casos ÷ atendimentos com a pergunta respondida × 100;Todos os atendimentos com ficha de qualidade.;;;
Checklist de segurança cirúrgica completo;Processo;Processo;13;15;18;3;0;86,7;83,3;;Checklist de segurança cirúrgica realizado e registrado como completo nas três etapas.;atendimentos com checklist completo ÷ atendimentos com a pergunta respondida × 100;Todos os atendimentos com ficha de qualidade.;;;
Capnografia contínua quando indicada;Processo;Processo;13;13;13;0;0;100;100;;Uso de capnografia contínua nos atendimentos em que ela foi registrada como indicada.;atendimentos com capnografia utilizada ÷ atendimentos com capnografia indicada e uso respondido × 100;Atendimentos com capnografia indicada.;;;
Profilaxia antibiótica no tempo;Processo;Processo;13;15;15;0;0;86,7;100;;Antibiótico administrado antes da incisão, dentro da janela configurada.;atendimentos com antibiótico dentro da janela ÷ atendimentos com profilaxia indicada e horários informados × 100;Atendimentos com profilaxia antibiótica indicada.;;;
Monitorização de profundidade quando indicada;Processo;Processo;10;13;13;0;0;76,9;100;;Uso de monitorização de profundidade anestésica nos atendimentos em que o protocolo institucional a indica.;atendimentos com monitorização utilizada ÷ atendimentos com indicação e uso respondido × 100;Atendimentos com indicação conforme protocolo institucional.;;;
Adesão ao protocolo de via aérea difícil;Processo;Processo;1;1;1;0;0;100;100;;Adesão ao protocolo institucional de via aérea difícil quando a dificuldade era prevista.;atendimentos com adesão ÷ atendimentos com via aérea difícil prevista e adesão respondida × 100;Atendimentos com via aérea difícil prevista.;;;
Carrinho de via aérea difícil checado;Processo;Processo;15;15;18;3;0;100;83,3;;Carrinho de via aérea difícil disponível e checado antes do procedimento.;atendimentos com carrinho checado ÷ atendimentos com a pergunta respondida × 100;Todos os atendimentos com ficha de qualidade.;;;
Avaliação pré-anestésica documentada e completa;Processo;Processo;13;15;18;3;0;86,7;83,3;;Avaliação pré-anestésica documentada e registrada como completa.;atendimentos com avaliação completa ÷ atendimentos com a pergunta respondida × 100;Todos os atendimentos com ficha de qualidade.;;;
Medidas de prevenção de hipotermia;Processo;Processo;11;15;18;3;0;73,3;83,3;;Aquecimento ativo e monitorização de temperatura no intraoperatório. Conta como adesão quando os dois foram feitos.;atendimentos com aquecimento ativo e monitorização de temperatura ÷ atendimentos com as duas perguntas respondidas × 100;Todos os atendimentos com ficha de qualidade.;;;
Jejum pré-operatório adequado;Processo;Processo;15;15;18;3;0;100;83,3;;Tempo entre a última ingestão e o início da anestesia igual ou maior que o mínimo configurado para o tipo de alimento ou líquido informado.;atendimentos com jejum dentro do mínimo ÷ atendimentos com horário e tipo de ingestão informados × 100;Todos os atendimentos com ficha de qualidade.;;;
Monitorização neuromuscular quando há bloqueador;Processo;Processo;10;13;13;0;0;76,9;100;;Monitorização neuromuscular nos atendimentos com uso de bloqueador neuromuscular.;atendimentos com monitorização ÷ atendimentos com bloqueador e a pergunta respondida × 100;Atendimentos com uso de bloqueador neuromuscular.;;;
Relação TOF adequada antes da saída;Processo;Processo;9;10;10;0;0;90;100;;Último valor da relação TOF igual ou acima do limiar configurado, nos atendimentos com monitorização neuromuscular.;atendimentos com TOF no limiar ÷ atendimentos com monitorização neuromuscular e TOF medido × 100;Atendimentos com monitorização neuromuscular.;;;
Profilaxia de náusea e vômito quando indicada;Processo;Processo;13;15;15;0;0;86,7;100;;Profilaxia de náusea e vômito realizada quando indicada.;atendimentos com profilaxia realizada ÷ atendimentos com indicação e realização respondida × 100;Atendimentos com profilaxia de náusea e vômito indicada.;;;
Passagem de cuidado registrada;Processo;Processo;15;15;18;3;0;100;83,3;;Registro da passagem de cuidado para SRPA ou UTI, com horário e profissionais identificados.;atendimentos com passagem registrada ÷ atendimentos com a pergunta respondida × 100;Todos os atendimentos com ficha de qualidade.;;;
Pesquisa de satisfação aplicada;Processo;Processo;9;15;18;3;0;60;83,3;;Pesquisa de satisfação do paciente com a experiência anestésica aplicada e registrada.;atendimentos com pesquisa aplicada ÷ atendimentos com a pergunta respondida × 100;Todos os atendimentos com ficha de qualidade.;;;